Time,Latitude,Longitude,Heading_Angle,Normal_Acceleration_Command,LOS_Distance_Rate,LOS_Angle,LOS_Angle_Rate,Leading_Angle,Leading_Angle_Target,Target_Overload,Heading_Angle_Target
737,44.5904,-63.5889,0,0,1.02683e+06,38.7015,-0.127093,-38.7015,211.424,-351.881,250.126
738,44.5904,-63.5889,38.7015,0,1.02186e+06,38.5731,-0.128406,0.128406,211.485,-11.7725,250.058
739,44.5904,-63.5889,38.5731,-35.4096,1.01689e+06,38.4434,-0.129733,0.129733,211.561,-298.671,250.004
740,44.6214,-63.5544,38.112,-27.602,1.00753e+06,38.3365,-0.106931,-0.224431,211.604,-352.845,249.941
741,44.6526,-63.5203,37.7526,-27.3297,998179,38.2294,-0.107006,-0.476852,211.644,-12.9116,249.873
742,44.6839,-63.4864,37.3967,-28.0734,988847,38.121,-0.108478,-0.724255,211.688,-353.529,249.809
743,44.7154,-63.4527,37.0311,-28.9582,979523,38.0122,-0.108761,-0.98106,211.742,-300.055,249.755
744,44.7471,-63.4194,36.6541,-28.12,970197,37.9026,-0.109594,-1.24855,211.784,-14.0537,249.687
745,44.7788,-63.3863,36.2879,-28.7783,960897,37.7918,-0.110776,-1.50395,211.83,-354.497,249.622
746,44.8108,-63.3535,35.9131,-29.6599,951605,37.6808,-0.111049,-1.76764,211.887,-301.089,249.567
747,44.8429,-63.3209,35.5269,-28.8277,942312,37.5689,-0.111898,-2.04197,211.93,-15.1989,249.499
748,44.8751,-63.2887,35.1515,-30.289,933044,37.4558,-0.11309,-2.30427,211.988,-301.768,249.444
749,44.9075,-63.2567,34.7571,-29.6683,923781,37.3422,-0.113649,-2.58504,212.037,-355.75,249.379
750,44.9401,-63.2251,34.3708,-30.683,914534,37.2278,-0.114355,-2.85701,212.096,-302.429,249.324
751,44.9728,-63.1937,33.9712,-30.1613,905288,37.1126,-0.115228,-3.14133,212.146,-356.369,249.259
752,45.0056,-63.1626,33.5785,-31.3266,896067,36.9961,-0.116423,-3.41766,212.207,-303.091,249.203
753,45.0386,-63.1318,33.1706,-30.5594,886843,36.8797,-0.11649,-3.7091,212.258,-356.989,249.138
754,45.0718,-63.1014,32.7726,-31.7242,877644,36.762,-0.117682,-3.98936,212.32,-303.754,249.082
755,45.1051,-63.0713,32.3595,-31.1097,868451,36.6437,-0.118236,-4.28423,212.372,-357.609,249.016
756,45.1386,-63.0414,31.9544,-32.2308,859271,36.5245,-0.119285,-4.57004,212.436,-304.419,248.96
757,45.1722,-63.012,31.5347,-31.774,850105,36.4041,-0.120342,-4.8694,212.49,-358.23,248.894
758,45.2059,-62.9828,31.121,-32.634,840949,36.2836,-0.12054,-5.16262,212.555,-305.084,248.838
759,45.2398,-62.954,30.696,-32.9695,831806,36.162,-0.121595,-5.46597,212.62,-305.391,248.782
760,45.2739,-62.9255,30.2667,-32.5125,822678,36.0393,-0.122638,-5.77266,212.676,-359.139,248.716
761,45.3081,-62.8974,29.8433,-33.4837,813556,35.9161,-0.123192,-6.07284,212.743,-306.058,248.659
762,45.3425,-62.8696,29.4073,-33.8273,804448,35.7919,-0.124263,-6.38459,212.81,-306.365,248.602
763,45.377,-62.8421,28.9668,-33.2599,795360,35.667,-0.124932,-6.70015,212.869,-0.0487581,248.536
764,45.4116,-62.8151,28.5337,-34.3934,786286,35.5409,-0.126006,-7.00725,212.938,-307.035,248.479
765,45.4464,-62.7883,28.0858,-34.8913,777219,35.4144,-0.126556,-7.32855,213.011,-286.254,248.426
766,45.4814,-62.762,27.6315,-34.9214,768168,35.2868,-0.127601,-7.6553,213.082,-307.63,248.369
767,45.5165,-62.7361,27.1768,-35.1392,759136,35.1585,-0.128244,-7.98179,213.153,-307.939,248.311
768,45.5517,-62.7105,26.7192,-34.8453,750112,35.0298,-0.128757,-8.31061,213.218,-340.264,248.248
769,45.5871,-62.6853,26.2654,-35.671,741103,34.9,-0.129833,-8.63452,213.291,-308.59,248.191
770,45.6226,-62.6605,25.8009,-36.0291,732111,34.769,-0.130916,-8.96811,213.364,-308.9,248.133
771,45.6583,-62.6361,25.3318,-36.5659,723139,34.6375,-0.131549,-9.30572,213.442,-287.799,248.079
772,45.6941,-62.6121,24.8556,-36.5645,714171,34.505,-0.132479,-9.6494,213.517,-309.499,248.022
773,45.73,-62.5885,24.3795,-36.7815,705224,34.3719,-0.133091,-9.99244,213.592,-309.809,247.964
774,45.7661,-62.5654,23.9005,-37.4593,696294,34.2378,-0.134156,-10.3372,213.672,-288.552,247.91
775,45.8023,-62.5426,23.4127,-37.5006,687382,34.1025,-0.135214,-10.6898,213.749,-310.41,247.852
776,45.8386,-62.5203,22.9244,-37.5348,678483,33.9673,-0.135222,-11.0429,213.826,-310.721,247.793
777,45.8751,-62.4984,22.4356,-38.3671,669597,33.8306,-0.136756,-11.3949,213.909,-289.306,247.739
778,45.9117,-62.477,21.936,-38.0788,660725,33.6938,-0.136747,-11.7578,213.987,-311.323,247.681
779,45.9484,-62.456,21.4402,-38.6272,651880,33.5554,-0.138386,-12.1153,214.067,-311.636,247.622
780,45.9852,-62.4354,20.9372,-39.1376,643044,33.4166,-0.138859,-12.4794,214.151,-290.063,247.568
781,46.0222,-62.4153,20.4275,-39.1829,634228,33.2767,-0.139907,-12.8491,214.232,-312.239,247.509
782,46.0593,-62.3957,19.9173,-39.7182,625435,33.1362,-0.14044,-13.2189,214.318,-290.562,247.454
783,46.0966,-62.3765,19.4001,-39.5701,616652,32.9954,-0.140862,-13.5953,214.4,-312.844,247.395
784,46.1339,-62.3578,18.8848,-40.7274,607889,32.8535,-0.1419,-13.9686,214.493,-260.229,247.346
785,46.1713,-62.3396,18.3545,-40.6439,599146,32.7105,-0.142924,-14.3561,214.58,-291.277,247.291
786,46.2089,-62.3219,17.8252,-40.6838,590423,32.5666,-0.143929,-14.7414,214.665,-313.711,247.232
787,46.2466,-62.3046,17.2955,-41.1918,581711,32.4223,-0.144322,-15.1268,214.754,-291.778,247.176
788,46.2844,-62.2879,16.7591,-42.0492,573034,32.2769,-0.145416,-15.5178,214.85,-261.474,247.127
789,46.3223,-62.2717,16.2115,-41.2221,564360,32.1318,-0.145093,-15.9203,214.935,-314.58,247.067
790,46.3603,-62.2559,15.6747,-42.9223,555716,31.985,-0.146735,-16.3103,215.037,-239.703,247.022
791,46.3984,-62.2407,15.1158,-42.181,547094,31.8373,-0.147718,-16.7215,215.124,-315.136,246.962
792,46.4366,-62.226,14.5665,-42.142,538489,31.6899,-0.147387,-17.1234,215.212,-315.452,246.902
793,46.4749,-62.2119,14.0178,-43.8514,529902,31.5409,-0.14901,-17.5232,215.315,-240.488,246.856
794,46.5133,-62.1983,13.4468,-42.9032,521342,31.3916,-0.149325,-17.9449,215.404,-316.009,246.796
795,46.5518,-62.1852,12.8881,-43.8401,512795,31.2421,-0.149555,-18.354,215.503,-263.632,246.745
796,46.5904,-62.1726,12.3172,-43.6556,504282,31.0909,-0.151195,-18.7737,215.594,-316.59,246.685
797,46.629,-62.1606,11.7487,-44.7225,495786,30.9401,-0.150738,-19.1914,215.699,-241.514,246.639
798,46.6678,-62.1492,11.1664,-44.9758,487311,30.7878,-0.152315,-19.6214,215.8,-264.518,246.588
799,46.7066,-62.1383,10.5807,-44.323,478864,30.6353,-0.152464,-20.0546,215.892,-317.415,246.527
800,46.7455,-62.128,10.0035,-45.2508,470432,30.4827,-0.152601,-20.4792,215.994,-265.146,246.476
801,46.7844,-62.1183,9.41429,-45.9752,462025,30.3293,-0.153469,-20.915,216.101,-242.497,246.43
802,46.8235,-62.1091,8.81561,-45.196,453657,30.175,-0.154269,-21.3594,216.194,-318.242,246.369
803,46.8626,-62.1006,8.22708,-46.3598,445302,30.0199,-0.155089,-21.7928,216.298,-266.038,246.318
804,46.9017,-62.0926,7.62339,-46.2282,436967,29.8656,-0.154346,-22.2422,216.401,-266.326,246.266
805,46.9409,-62.0852,7.02142,-46.8369,428667,29.7097,-0.155867,-22.6883,216.505,-266.613,246.215
806,46.9802,-62.0785,6.41152,-46.9379,420385,29.5539,-0.155815,-23.1424,216.609,-266.902,246.163
807,47.0195,-62.0723,5.80031,-46.5651,412134,29.3982,-0.155669,-23.5979,216.708,-296.4,246.106
808,47.0588,-62.0667,5.19395,-47.6467,403907,29.241,-0.157229,-24.047,216.813,-267.511,246.054
809,47.0982,-62.0618,4.5735,-47.7191,395711,29.0839,-0.157051,-24.5104,216.919,-267.8,246.003
810,47.1376,-62.0575,3.95211,-47.7765,387534,28.9271,-0.156817,-24.975,217.024,-268.09,245.951
811,47.1771,-62.0538,3.32998,-48.0865,379399,28.7698,-0.157336,-25.4398,217.129,-268.38,245.899
812,47.2165,-62.0507,2.70381,-48.4421,371279,28.6118,-0.157974,-25.908,217.235,-268.671,245.846
813,47.256,-62.0483,2.07301,-48.4464,363192,28.4543,-0.157541,-26.3813,217.34,-268.962,245.794
814,47.2955,-62.0465,1.44215,-49.5712,355135,28.2962,-0.158019,-26.8541,217.456,-216.956,245.752
815,47.335,-62.0454,0.796645,-49.057,347108,28.1378,-0.158424,-27.3412,217.562,-269.489,245.699
816,47.3746,-62.0449,0.157836,-49.0287,339101,27.98,-0.157855,-27.8221,217.667,-269.781,245.647
817,47.4141,-62.045,-0.480605,-49.2737,331139,27.8219,-0.158086,-28.3025,217.772,-270.074,245.594
818,47.4536,-62.0459,-1.12224,-49.6047,323194,27.6633,-0.158554,-28.7856,217.878,-270.367,245.541
819,47.4931,-62.0473,-1.76818,-50.3203,315285,27.5056,-0.157712,-29.2738,217.993,-218.467,245.498
820,47.5326,-62.0495,-2.42344,-49.7344,307407,27.3478,-0.15786,-29.7712,218.098,-270.898,245.445
821,47.5721,-62.0523,-3.07106,-49.5491,299565,27.191,-0.156773,-30.2621,218.201,-271.192,245.392
822,47.6116,-62.0558,-3.71628,-50.2432,291745,27.0352,-0.155822,-30.7514,218.314,-219.356,245.349
823,47.651,-62.0599,-4.37054,-50.4136,283964,26.877,-0.158142,-31.2476,218.419,-271.725,245.296
824,47.6904,-62.0647,-5.02701,-49.7797,276213,26.7226,-0.154425,-31.7496,218.525,-243.948,245.248
825,47.7297,-62.0702,-5.67523,-49.9355,268492,26.567,-0.155579,-32.2422,218.627,-272.286,245.194
826,47.769,-62.0763,-6.32548,-50.0097,260818,26.4118,-0.155188,-32.7373,218.728,-272.583,245.14
827,47.8083,-62.0831,-6.97669,-51.0932,253164,26.2566,-0.155249,-33.2333,218.84,-220.854,245.097
828,47.8475,-62.0906,-7.64202,-50.2564,245538,26.1044,-0.152223,-33.7464,218.949,-221.113,245.053
829,47.8867,-62.0988,-8.29645,-48.9084,237959,25.9531,-0.151302,-34.2495,219.041,-297.607,244.994
830,47.9257,-62.1076,-8.93332,-50.7701,230411,25.8007,-0.152386,-34.734,219.149,-221.722,244.95
831,47.9647,-62.1171,-9.59444,-49.77,222892,25.6518,-0.148912,-35.2462,219.254,-221.983,244.906
832,48.0037,-62.1273,-10.2425,-48.8198,215407,25.5038,-0.148007,-35.7463,219.348,-274.17,244.852
833,48.0425,-62.1381,-10.8782,-49.214,207957,25.3566,-0.147181,-36.2348,219.446,-246.988,244.803
834,48.0813,-62.1496,-11.5191,-49.3804,200555,25.2107,-0.145842,-36.7298,219.547,-222.858,244.758
835,48.12,-62.1618,-12.1621,-49.3896,193175,25.0655,-0.14518,-37.2277,219.648,-223.12,244.714
836,48.1586,-62.1746,-12.8053,-46.5982,185823,24.9251,-0.140418,-37.7304,219.729,-299.781,244.654
837,48.1971,-62.188,-13.4121,-47.4139,178519,24.7867,-0.138478,-38.1987,219.822,-223.737,244.609
838,48.2355,-62.2021,-14.0295,-47.9423,171247,24.6474,-0.13924,-38.6769,219.917,-224.001,244.564
839,48.2738,-62.2168,-14.6538,-46.3152,164013,24.5121,-0.135337,-39.1658,220.002,-248.948,244.514
840,48.312,-62.2321,-15.2569,-45.61,156803,24.3804,-0.131674,-39.6373,220.089,-224.56,244.469
841,48.35,-62.2481,-15.8508,-45.3167,149638,24.249,-0.131405,-40.0998,220.17,-249.594,244.419
842,48.388,-62.2646,-16.4409,-43.482,142500,24.1242,-0.124794,-40.5651,220.25,-225.121,244.374
843,48.4259,-62.2817,-17.0071,-43.3448,135393,23.9992,-0.124991,-41.0063,220.324,-250.243,244.324
844,48.4636,-62.2994,-17.5715,-41.9592,128321,23.8796,-0.119639,-41.4511,220.399,-225.685,244.278
845,48.5012,-62.3177,-18.1179,-40.3112,121286,23.766,-0.113566,-41.8839,220.472,-199.222,244.238
846,48.5387,-62.3365,-18.6428,-40.0157,114279,23.6525,-0.113512,-42.2953,220.54,-226.189,244.192
847,48.5761,-62.3559,-19.1639,-37.1241,107307,23.5458,-0.10673,-42.7097,220.595,-251.477,244.141
848,48.6134,-62.3757,-19.6473,-36.2632,100365,23.4428,-0.102926,-43.0902,220.652,-226.757,244.095
849,48.6506,-62.3961,-20.1195,-34.4549,93452.4,23.3438,-0.0990629,-43.4633,220.7,-252.134,244.044
850,48.6876,-62.4169,-20.5682,-32.1506,86571.2,23.2533,-0.0904616,-43.8215,220.75,-200.911,244.003
851,48.7246,-62.4381,-20.9869,-28.5268,79706.8,23.1711,-0.0822236,-44.158,220.786,-227.567,243.957
852,48.7615,-62.4598,-21.3583,-28.3346,72877.7,23.0908,-0.0802546,-44.4492,220.825,-201.539,243.916
853,48.7982,-62.4818,-21.7273,-23.0281,66075.2,23.0217,-0.0691402,-44.749,220.843,-253.348,243.864
854,48.8349,-62.5042,-22.0272,-22.7306,59281.6,22.957,-0.0646718,-44.9842,220.871,-176.898,243.828
855,48.8715,-62.5268,-22.3232,-15.7582,52510.8,22.9062,-0.0507952,-45.2294,220.87,-253.941,243.776
856,48.908,-62.5498,-22.5284,-12.1003,45770.5,22.8669,-0.0393028,-45.3953,220.868,-202.841,243.735
857,48.9445,-62.5729,-22.6859,-9.49879,39030.7,22.8329,-0.0340632,-45.5188,220.855,-229.14,243.688
858,48.981,-62.5962,-22.8096,-4.69231,32315.4,22.8119,-0.0210099,-45.6215,220.834,-203.478,243.646
859,49.0174,-62.6196,-22.8707,5.26621,25598.6,22.8129,0.00107995,-45.6837,220.78,-255.171,243.593
860,49.0538,-62.643,-22.8021,11.1884,18885.2,22.831,0.0180335,-45.6331,220.72,-204.155,243.551
861,49.0903,-62.6663,-22.6565,31.7002,12172.5,22.8995,0.0685814,-45.556,220.61,-204.457,243.509
862,49.1268,-62.6893,-22.2437,41.0733,5458.32,22.9917,0.0921219,-45.2353,220.475,-204.76,243.467
863,49.1635,-62.7119,-21.7088,-147,1288.21,202.825,179.833,-224.534,40.5996,-205.064,243.424
863.01,49.1638,-62.7122,-23.623,-147,1355.23,202.81,179.833,-224.534,40.5996,-205.064,243.424
863.02,49.1642,-62.7124,-23.623,-147,1422.26,202.797,179.833,-224.534,40.5996,-205.064,243.424
863.03,49.1646,-62.7126,-23.623,-147,1489.28,202.785,179.833,-224.534,40.5996,-205.064,243.424
863.04,49.1649,-62.7129,-23.623,-147,1556.31,202.774,179.833,-224.534,40.5996,-205.064,243.424
863.05,49.1653,-62.7131,-23.623,-147,1623.33,202.763,179.833,-224.534,40.5996,-205.064,243.424
863.06,49.1657,-62.7133,-23.623,-147,1690.36,202.754,179.833,-224.534,40.5996,-205.064,243.424
863.07,49.166,-62.7136,-23.623,-147,1757.38,202.745,179.833,-224.534,40.5996,-205.064,243.424
863.08,49.1664,-62.7138,-23.623,-147,1824.41,202.737,179.833,-224.534,40.5996,-205.064,243.424
863.09,49.1668,-62.714,-23.623,-147,1891.43,202.73,179.833,-224.534,40.5996,-205.064,243.424
863.1,49.1671,-62.7143,-23.623,-147,1958.46,202.723,179.833,-224.534,40.5996,-205.064,243.424
863.11,49.1675,-62.7145,-23.623,-147,2025.48,202.717,179.833,-224.534,40.5996,-205.064,243.424
863.12,49.1679,-62.7147,-23.623,-147,2092.51,202.711,179.833,-224.534,40.5996,-205.064,243.424
863.13,49.1682,-62.715,-23.623,-147,2159.53,202.705,179.833,-224.534,40.5996,-205.064,243.424
863.14,49.1686,-62.7152,-23.623,-147,2226.56,202.7,179.833,-224.534,40.5996,-205.064,243.424
863.15,49.1689,-62.7154,-23.623,-147,2293.58,202.695,179.833,-224.534,40.5996,-205.064,243.424
863.16,49.1693,-62.7157,-23.623,-147,2360.61,202.69,179.833,-224.534,40.5996,-205.064,243.424
863.17,49.1697,-62.7159,-23.623,-147,2427.63,202.686,179.833,-224.534,40.5996,-205.064,243.424
863.18,49.17,-62.7161,-23.623,-147,2494.66,202.682,179.833,-224.534,40.5996,-205.064,243.424
863.19,49.1704,-62.7164,-23.623,-147,2561.68,202.678,179.833,-224.534,40.5996,-205.064,243.424
863.2,49.1708,-62.7166,-23.623,-147,2628.71,202.674,179.833,-224.534,40.5996,-205.064,243.424
863.21,49.1711,-62.7168,-23.623,-147,2695.73,202.67,179.833,-224.534,40.5996,-205.064,243.424
863.22,49.1715,-62.7171,-23.623,-147,2762.76,202.667,179.833,-224.534,40.5996,-205.064,243.424
863.23,49.1719,-62.7173,-23.623,-147,2829.78,202.664,179.833,-224.534,40.5996,-205.064,243.424
863.24,49.1722,-62.7175,-23.623,-147,2896.81,202.661,179.833,-224.534,40.5996,-205.064,243.424
863.25,49.1726,-62.7178,-23.623,-147,2963.83,202.658,179.833,-224.534,40.5996,-205.064,243.424
863.26,49.173,-62.718,-23.623,-147,3030.86,202.655,179.833,-224.534,40.5996,-205.064,243.424
863.27,49.1733,-62.7182,-23.623,-147,3097.88,202.652,179.833,-224.534,40.5996,-205.064,243.424
863.28,49.1737,-62.7185,-23.623,-147,3164.91,202.65,179.833,-224.534,40.5996,-205.064,243.424
863.29,49.1741,-62.7187,-23.623,-147,3231.93,202.647,179.833,-224.534,40.5996,-205.064,243.424
863.3,49.1744,-62.7189,-23.623,-147,3298.96,202.645,179.833,-224.534,40.5996,-205.064,243.424
863.31,49.1748,-62.7192,-23.623,-147,3365.98,202.643,179.833,-224.534,40.5996,-205.064,243.424
863.32,49.1751,-62.7194,-23.623,-147,3433.01,202.641,179.833,-224.534,40.5996,-205.064,243.424
863.33,49.1755,-62.7196,-23.623,-147,3500.03,202.639,179.833,-224.534,40.5996,-205.064,243.424
863.34,49.1759,-62.7199,-23.623,-147,3567.06,202.637,179.833,-224.534,40.5996,-205.064,243.424
863.35,49.1762,-62.7201,-23.623,-147,3634.08,202.635,179.833,-224.534,40.5996,-205.064,243.424
863.36,49.1766,-62.7203,-23.623,-147,3701.11,202.633,179.833,-224.534,40.5996,-205.064,243.424
863.37,49.177,-62.7206,-23.623,-147,3768.13,202.631,179.833,-224.534,40.5996,-205.064,243.424
863.38,49.1773,-62.7208,-23.623,-147,3835.15,202.629,179.833,-224.534,40.5996,-205.064,243.424
863.39,49.1777,-62.721,-23.623,-147,3902.18,202.628,179.833,-224.534,40.5996,-205.064,243.424
863.4,49.1781,-62.7213,-23.623,-147,3969.2,202.626,179.833,-224.534,40.5996,-205.064,243.424
863.41,49.1784,-62.7215,-23.623,-147,4036.23,202.625,179.833,-224.534,40.5996,-205.064,243.424
863.42,49.1788,-62.7217,-23.623,-147,4103.25,202.623,179.833,-224.534,40.5996,-205.064,243.424
863.43,49.1792,-62.722,-23.623,-147,4170.28,202.622,179.833,-224.534,40.5996,-205.064,243.424
863.44,49.1795,-62.7222,-23.623,-147,4237.3,202.62,179.833,-224.534,40.5996,-205.064,243.424
863.45,49.1799,-62.7224,-23.623,-147,4304.32,202.619,179.833,-224.534,40.5996,-205.064,243.424
863.46,49.1803,-62.7227,-23.623,-147,4371.35,202.618,179.833,-224.534,40.5996,-205.064,243.424
863.47,49.1806,-62.7229,-23.623,-147,4438.37,202.617,179.833,-224.534,40.5996,-205.064,243.424
863.48,49.181,-62.7231,-23.623,-147,4505.4,202.615,179.833,-224.534,40.5996,-205.064,243.424
863.49,49.1813,-62.7234,-23.623,-147,4572.42,202.614,179.833,-224.534,40.5996,-205.064,243.424
863.5,49.1817,-62.7236,-23.623,-147,4639.45,202.613,179.833,-224.534,40.5996,-205.064,243.424
863.51,49.1821,-62.7238,-23.623,-147,4706.47,202.612,179.833,-224.534,40.5996,-205.064,243.424
863.52,49.1824,-62.7241,-23.623,-147,4773.49,202.611,179.833,-224.534,40.5996,-205.064,243.424
863.53,49.1828,-62.7243,-23.623,-147,4840.52,202.61,179.833,-224.534,40.5996,-205.064,243.424
863.54,49.1832,-62.7245,-23.623,-147,4907.54,202.609,179.833,-224.534,40.5996,-205.064,243.424
863.55,49.1835,-62.7248,-23.623,-147,4974.57,202.608,179.833,-224.534,40.5996,-205.064,243.424
863.56,49.1839,-62.725,-23.623,-147,5041.59,202.607,179.833,-224.534,40.5996,-205.064,243.424
863.57,49.1843,-62.7252,-23.623,-147,5108.61,202.606,179.833,-224.534,40.5996,-205.064,243.424
863.58,49.1846,-62.7255,-23.623,-147,5175.64,202.605,179.833,-224.534,40.5996,-205.064,243.424
863.59,49.185,-62.7257,-23.623,-147,5242.66,202.604,179.833,-224.534,40.5996,-205.064,243.424
863.6,49.1854,-62.7259,-23.623,-147,5309.69,202.604,179.833,-224.534,40.5996,-205.064,243.424
863.61,49.1857,-62.7262,-23.623,-147,5376.71,202.603,179.833,-224.534,40.5996,-205.064,243.424
863.62,49.1861,-62.7264,-23.623,-147,5443.73,202.602,179.833,-224.534,40.5996,-205.064,243.424
863.63,49.1865,-62.7266,-23.623,-147,5510.76,202.601,179.833,-224.534,40.5996,-205.064,243.424
863.64,49.1868,-62.7269,-23.623,-147,5577.78,202.6,179.833,-224.534,40.5996,-205.064,243.424
863.65,49.1872,-62.7271,-23.623,-147,5644.8,202.6,179.833,-224.534,40.5996,-205.064,243.424
863.66,49.1875,-62.7273,-23.623,-147,5711.83,202.599,179.833,-224.534,40.5996,-205.064,243.424
863.67,49.1879,-62.7276,-23.623,-147,5778.85,202.598,179.833,-224.534,40.5996,-205.064,243.424
863.68,49.1883,-62.7278,-23.623,-147,5845.88,202.598,179.833,-224.534,40.5996,-205.064,243.424
863.69,49.1886,-62.728,-23.623,-147,5912.9,202.597,179.833,-224.534,40.5996,-205.064,243.424
863.7,49.189,-62.7283,-23.623,-147,5979.92,202.596,179.833,-224.534,40.5996,-205.064,243.424
863.71,49.1894,-62.7285,-23.623,-147,6046.95,202.596,179.833,-224.534,40.5996,-205.064,243.424
863.72,49.1897,-62.7287,-23.623,-147,6113.97,202.595,179.833,-224.534,40.5996,-205.064,243.424
863.73,49.1901,-62.729,-23.623,-147,6180.99,202.595,179.833,-224.534,40.5996,-205.064,243.424
863.74,49.1905,-62.7292,-23.623,-147,6248.02,202.594,179.833,-224.534,40.5996,-205.064,243.424
863.75,49.1908,-62.7294,-23.623,-147,6315.04,202.593,179.833,-224.534,40.5996,-205.064,243.424
863.76,49.1912,-62.7297,-23.623,-147,6382.06,202.593,179.833,-224.534,40.5996,-205.064,243.424
863.77,49.1916,-62.7299,-23.623,-147,6449.09,202.592,179.833,-224.534,40.5996,-205.064,243.424
863.78,49.1919,-62.7301,-23.623,-147,6516.11,202.592,179.833,-224.534,40.5996,-205.064,243.424
863.79,49.1923,-62.7304,-23.623,-147,6583.13,202.591,179.833,-224.534,40.5996,-205.064,243.424
863.8,49.1927,-62.7306,-23.623,-147,6650.16,202.591,179.833,-224.534,40.5996,-205.064,243.424
863.81,49.193,-62.7308,-23.623,-147,6717.18,202.59,179.833,-224.534,40.5996,-205.064,243.424
863.82,49.1934,-62.7311,-23.623,-147,6784.2,202.59,179.833,-224.534,40.5996,-205.064,243.424
863.83,49.1937,-62.7313,-23.623,-147,6851.23,202.589,179.833,-224.534,40.5996,-205.064,243.424
863.84,49.1941,-62.7315,-23.623,-147,6918.25,202.589,179.833,-224.534,40.5996,-205.064,243.424
863.85,49.1945,-62.7318,-23.623,-147,6985.27,202.589,179.833,-224.534,40.5996,-205.064,243.424
863.86,49.1948,-62.732,-23.623,-147,7052.3,202.588,179.833,-224.534,40.5996,-205.064,243.424
863.87,49.1952,-62.7322,-23.623,-147,7119.32,202.588,179.833,-224.534,40.5996,-205.064,243.424
863.88,49.1956,-62.7325,-23.623,-147,7186.34,202.587,179.833,-224.534,40.5996,-205.064,243.424
863.89,49.1959,-62.7327,-23.623,-147,7253.36,202.587,179.833,-224.534,40.5996,-205.064,243.424
863.9,49.1963,-62.7329,-23.623,-147,7320.39,202.587,179.833,-224.534,40.5996,-205.064,243.424
863.91,49.1967,-62.7332,-23.623,-147,7387.41,202.586,179.833,-224.534,40.5996,-205.064,243.424
863.92,49.197,-62.7334,-23.623,-147,7454.43,202.586,179.833,-224.534,40.5996,-205.064,243.424
863.93,49.1974,-62.7336,-23.623,-147,7521.46,202.585,179.833,-224.534,40.5996,-205.064,243.424
863.94,49.1978,-62.7339,-23.623,-147,7588.48,202.585,179.833,-224.534,40.5996,-205.064,243.424
863.95,49.1981,-62.7341,-23.623,-147,7655.5,202.585,179.833,-224.534,40.5996,-205.064,243.424
863.96,49.1985,-62.7343,-23.623,-147,7722.52,202.584,179.833,-224.534,40.5996,-205.064,243.424
863.97,49.1989,-62.7346,-23.623,-147,7789.55,202.584,179.833,-224.534,40.5996,-205.064,243.424
863.98,49.1992,-62.7348,-23.623,-147,7856.57,202.584,179.833,-224.534,40.5996,-205.064,243.424
863.99,49.1996,-62.735,-23.623,-147,7923.59,202.583,179.833,-224.534,40.5996,-205.064,243.424
864,49.1999,-62.7353,-23.623,66.796,7990.61,202.583,-0.241686,-226.206,40.7881,-256.662,243.371
865,49.2363,-62.7591,-22.7532,42.3646,14661,202.429,-0.154019,-225.182,40.8994,-205.749,243.328
866,49.2728,-62.7822,-22.2015,-6.59482,21356.3,202.471,0.0421661,-224.673,40.8144,-206.055,243.286
867,49.3094,-62.8052,-22.2874,0.333287,28068.2,202.485,0.0141677,-224.773,40.7573,-206.362,243.243
868,49.346,-62.8282,-22.2831,2.14975,34777.1,202.492,0.0068704,-224.775,40.7073,-206.67,243.2
869,49.3825,-62.8512,-22.2551,6.6403,41480.5,202.481,-0.0112451,-224.736,40.6754,-206.978,243.156
870,49.4191,-62.8741,-22.1686,8.58014,48180.7,202.462,-0.019127,-224.631,40.6512,-207.288,243.113
871,49.4558,-62.897,-22.0569,5.72054,54885.4,202.454,-0.00756736,-224.511,40.6153,-207.598,243.07
872,49.4924,-62.9198,-21.9824,7.57324,61586,202.435,-0.0189815,-224.418,40.6014,-156.764,243.037
873,49.5291,-62.9426,-21.8838,5.99795,68280.2,202.429,-0.00676174,-224.312,40.559,-234.206,242.988
874,49.5657,-62.9652,-21.8057,7.409,74983.1,202.414,-0.0145082,-224.22,40.5296,-208.495,242.944
875,49.6025,-62.9878,-21.7092,6.00994,81687.1,202.401,-0.0126804,-224.111,40.509,-157.722,242.91
876,49.6392,-63.0104,-21.6309,7.0856,88392.3,202.39,-0.0112583,-224.021,40.4707,-235.221,242.861
877,49.6759,-63.0328,-21.5387,6.72634,95085.4,202.378,-0.0117879,-223.917,40.4382,-209.4,242.817
878,49.7127,-63.0552,-21.4511,6.05763,101790,202.365,-0.0129297,-223.817,40.4175,-158.687,242.783
879,49.7495,-63.0775,-21.3722,7.21428,108496,202.354,-0.0118502,-223.726,40.3793,-236.245,242.733
880,49.7863,-63.0998,-21.2783,5.87024,115189,202.341,-0.0121903,-223.62,40.3576,-159.323,242.699
881,49.8232,-63.122,-21.2018,7.53028,121894,202.328,-0.0132043,-223.53,40.3204,-236.919,242.649
882,49.86,-63.1441,-21.1038,5.89448,128590,202.318,-0.0103101,-223.422,40.291,-186.364,242.609
883,49.8969,-63.1661,-21.027,6.34843,135294,202.304,-0.0142313,-223.331,40.2711,-160.263,242.575
884,49.9338,-63.1881,-20.9443,6.21812,141989,202.292,-0.0116888,-223.236,40.2428,-186.991,242.535
885,49.9708,-63.21,-20.8634,7.99575,148693,202.277,-0.0152501,-223.14,40.207,-238.237,242.484
886,50.0077,-63.2319,-20.7592,6.4194,155387,202.264,-0.0125647,-223.023,40.1792,-187.762,242.443
887,50.0447,-63.2536,-20.6757,6.19472,162083,202.253,-0.0116359,-222.928,40.1504,-188.104,242.403
888,50.0817,-63.2753,-20.595,6.11866,168776,202.239,-0.013371,-222.834,40.129,-161.824,242.368
889,50.1187,-63.297,-20.5153,7.45622,175468,202.224,-0.0149461,-222.74,40.0974,-215.404,242.322
890,50.1557,-63.3185,-20.4182,6.24172,182164,202.212,-0.011882,-222.631,40.0684,-189.134,242.281
891,50.1928,-63.34,-20.3369,5.35692,188848,202.2,-0.0120507,-222.537,40.0505,-138.681,242.251
892,50.2298,-63.3615,-20.2672,6.45442,195542,202.187,-0.0128147,-222.455,40.0221,-189.735,242.21
893,50.2669,-63.3828,-20.1831,6.79215,202235,202.173,-0.014269,-222.356,39.9951,-190.083,242.168
894,50.304,-63.4041,-20.0947,6.35745,208918,202.161,-0.0124358,-222.255,39.966,-190.432,242.127
895,50.3412,-63.4254,-20.0119,6.46731,215610,202.146,-0.0147622,-222.158,39.9444,-166.926,242.09
896,50.3783,-63.4465,-19.9277,6.49318,222292,202.133,-0.0130516,-222.061,39.9157,-191.091,242.049
897,50.4155,-63.4676,-19.8431,5.93021,228975,202.12,-0.0124878,-221.964,39.8914,-167.693,242.012
898,50.4527,-63.4886,-19.7659,6.2091,235657,202.107,-0.0136967,-221.873,39.8682,-168.054,241.975
899,50.4899,-63.5096,-19.6851,6.8947,242336,202.092,-0.0148329,-221.777,39.8408,-192.066,241.933
900,50.5271,-63.5305,-19.5953,6.31975,249016,202.078,-0.0142022,-221.673,39.8178,-168.83,241.896
901,50.5643,-63.5513,-19.513,6.32956,255685,202.063,-0.0142599,-221.576,39.7947,-169.194,241.858
902,50.6016,-63.572,-19.4306,6.2038,262354,202.05,-0.0137296,-221.48,39.7709,-169.561,241.821
903,50.6389,-63.5927,-19.3498,6.62394,269031,202.034,-0.0155682,-221.384,39.7488,-169.928,241.783
904,50.6762,-63.6133,-19.2635,6.78028,275699,202.02,-0.0141528,-221.284,39.719,-197.486,241.739
905,50.7135,-63.6339,-19.1752,6.16471,282368,202.006,-0.0135985,-221.182,39.6946,-170.728,241.701
906,50.7509,-63.6544,-19.095,6.36612,289036,201.992,-0.0144904,-221.087,39.6709,-171.1,241.663
907,50.7882,-63.6748,-19.0121,5.97104,295691,201.977,-0.0145878,-220.989,39.6523,-148.235,241.63
908,50.8256,-63.6951,-18.9343,6.76346,302346,201.963,-0.0141317,-220.897,39.6217,-199.124,241.585
909,50.863,-63.7154,-18.8462,5.73245,309011,201.947,-0.0156919,-220.794,39.6101,-121.746,241.558
910,50.9004,-63.7356,-18.7716,6.06276,315652,201.932,-0.0150239,-220.704,39.5914,-149.409,241.524
911,50.9378,-63.7557,-18.6926,7.02107,322305,201.917,-0.0153159,-220.61,39.5615,-200.253,241.479
912,50.9753,-63.7758,-18.6012,6.61595,328945,201.902,-0.015338,-220.503,39.5365,-177.751,241.438
913,51.0128,-63.7957,-18.5151,6.27501,335584,201.886,-0.0159922,-220.401,39.5183,-150.737,241.404
914,51.0503,-63.8157,-18.4334,6.90827,342221,201.869,-0.0166596,-220.303,39.4943,-178.648,241.363
915,51.0878,-63.8355,-18.3434,5.75139,348849,201.854,-0.0154839,-220.197,39.4804,-128.726,241.334
916,51.1253,-63.8553,-18.2685,6.44387,355486,201.837,-0.0167895,-220.105,39.4624,-151.9,241.299
917,51.1628,-63.875,-18.1846,6.6862,362112,201.821,-0.0157168,-220.006,39.4368,-179.91,241.258
918,51.2004,-63.8946,-18.0975,6.28758,368727,201.805,-0.0157281,-219.903,39.4162,-157.709,241.222
919,51.238,-63.9142,-18.0156,6.06871,375350,201.789,-0.016934,-219.804,39.403,-130.5,241.192
920,51.2756,-63.9337,-17.9366,6.95287,381961,201.772,-0.0169536,-219.708,39.378,-181.207,241.15
921,51.3132,-63.9531,-17.8461,6.44776,388573,201.755,-0.0164714,-219.601,39.3575,-159.161,241.113
922,51.3508,-63.9724,-17.7621,6.66528,395170,201.738,-0.0174605,-219.5,39.3378,-159.656,241.075
923,51.3885,-63.9917,-17.6753,5.67584,401768,201.721,-0.0169727,-219.396,39.3291,-109.862,241.05
924,51.4261,-64.0109,-17.6014,6.89268,408362,201.702,-0.01852,-219.304,39.31,-160.499,241.012
925,51.4638,-64.03,-17.5117,6.88173,414943,201.684,-0.0184851,-219.195,39.2906,-161.002,240.974
926,51.5015,-64.0491,-17.4221,6.4678,421513,201.665,-0.0183851,-219.087,39.2762,-139.184,240.941
927,51.5392,-64.0681,-17.3378,6.85547,428094,201.647,-0.018397,-218.985,39.2562,-161.949,240.903
928,51.577,-64.087,-17.2486,6.45148,434663,201.629,-0.0183285,-218.877,39.2413,-140.235,240.87
929,51.6147,-64.1058,-17.1646,6.43575,441220,201.61,-0.0182668,-218.775,39.226,-140.727,240.836
930,51.6525,-64.1245,-17.0807,7.21488,447773,201.591,-0.0196191,-218.671,39.2052,-169.276,240.796
931,51.6903,-64.1432,-16.9868,5.74468,454327,201.572,-0.0190966,-218.558,39.2023,-91.6404,240.774
932,51.7281,-64.1618,-16.912,6.69756,460879,201.552,-0.0195079,-218.464,39.1875,-142.144,240.74
933,51.7659,-64.1803,-16.8248,7.17186,467419,201.533,-0.0194678,-218.357,39.1657,-170.79,240.698
934,51.8038,-64.1988,-16.7314,6.46647,473945,201.512,-0.0202097,-218.244,39.1565,-121.297,240.669
935,51.8417,-64.2171,-16.6472,6.35357,480472,201.493,-0.019701,-218.14,39.1465,-121.772,240.639
936,51.8795,-64.2354,-16.5644,7.37979,486984,201.472,-0.0204751,-218.037,39.1249,-172.362,240.597
937,51.9174,-64.2536,-16.4683,6.6682,493481,201.451,-0.021176,-217.919,39.1159,-122.93,240.567
938,51.9553,-64.2718,-16.3815,6.72437,499978,201.43,-0.0214541,-217.811,39.1069,-123.417,240.536
939,51.9933,-64.2898,-16.294,7.09863,506475,201.409,-0.0209532,-217.703,39.0902,-152.235,240.499
940,52.0312,-64.3078,-16.2015,5.89735,512958,201.387,-0.0216157,-217.589,39.0933,-74.4582,240.48
941,52.0692,-64.3257,-16.1247,7.2109,519429,201.365,-0.0215162,-217.49,39.0766,-153.192,240.442
942,52.1072,-64.3435,-16.0308,7.27367,525899,201.344,-0.0218201,-217.374,39.0599,-153.843,240.404
943,52.1452,-64.3612,-15.9361,6.62974,532364,201.321,-0.0228098,-217.257,39.0564,-104.479,240.377
944,52.1832,-64.3788,-15.8498,6.91516,538821,201.299,-0.0218913,-217.149,39.0446,-133.415,240.344
945,52.2212,-64.3964,-15.7597,6.56136,545263,201.276,-0.0225162,-217.036,39.0403,-105.53,240.317
946,52.2593,-64.4139,-15.6743,7.45899,551704,201.254,-0.0227682,-216.928,39.0233,-155.978,240.277
947,52.2973,-64.4313,-15.5772,7.21475,558130,201.23,-0.0233407,-216.807,39.012,-135.26,240.242
948,52.3354,-64.4486,-15.4832,6.68698,564545,201.207,-0.0231444,-216.69,39.0075,-107.302,240.215
949,52.3735,-64.4658,-15.3961,7.2115,570958,201.184,-0.0233572,-216.58,38.9956,-136.406,240.179
950,52.4116,-64.483,-15.3022,5.99908,577358,201.16,-0.0239095,-216.462,39.0044,-58.4759,240.164
951,52.4497,-64.5001,-15.2241,7.43622,583743,201.135,-0.0244779,-216.36,38.993,-137.336,240.128
952,52.4879,-64.517,-15.1273,7.25742,590118,201.112,-0.0236355,-216.239,38.9805,-137.995,240.092
953,52.5261,-64.5339,-15.0328,6.11095,596490,201.087,-0.0244833,-216.12,38.9891,-60.0442,240.076
954,52.5642,-64.5507,-14.9532,7.60716,602858,201.062,-0.0253632,-216.015,38.9777,-138.954,240.04
955,52.6024,-64.5675,-14.8541,7.07531,609217,201.037,-0.0245188,-215.892,38.9707,-118.545,240.008
956,52.6407,-64.5841,-14.762,7.66053,615559,201.012,-0.0256568,-215.774,38.9589,-140.211,239.971
957,52.6789,-64.6007,-14.6623,6.64411,621893,200.987,-0.0247834,-215.649,38.9592,-91.0643,239.946
958,52.7171,-64.6171,-14.5757,6.80563,628222,200.961,-0.0255869,-215.537,38.9601,-91.5269,239.922
959,52.7554,-64.6335,-14.4871,6.76966,634540,200.936,-0.0254349,-215.423,38.9606,-91.9942,239.897
960,52.7937,-64.6498,-14.399,7.69461,640844,200.91,-0.0259251,-215.309,38.9477,-142.269,239.858
961,52.832,-64.666,-14.2988,6.88918,647146,200.884,-0.026045,-215.183,38.9482,-93.1987,239.832
962,52.8703,-64.6821,-14.2091,6.78051,653426,200.858,-0.0255363,-215.068,38.9479,-93.6818,239.806
963,52.9086,-64.6982,-14.1208,6.93639,659703,200.832,-0.0263197,-214.953,38.9482,-94.1699,239.78
964,52.9469,-64.7141,-14.0304,7.78386,665979,200.806,-0.0264613,-214.836,38.9344,-144.411,239.74
965,52.9853,-64.73,-13.9291,6.98225,672229,200.779,-0.0265726,-214.708,38.9343,-95.422,239.713
966,53.0237,-64.7457,-13.8382,6.51752,678480,200.752,-0.0266671,-214.591,38.9421,-66.862,239.695
967,53.062,-64.7614,-13.7533,7.08221,684715,200.725,-0.0271195,-214.479,38.942,-96.2833,239.667
968,53.1004,-64.777,-13.6611,7.10395,690950,200.698,-0.0272498,-214.359,38.9418,-96.7981,239.64
969,53.1389,-64.7925,-13.5686,7.0626,697173,200.671,-0.0270674,-214.24,38.941,-97.3184,239.612
970,53.1773,-64.8079,-13.4766,7.14138,703382,200.644,-0.0274797,-214.12,38.9404,-97.8443,239.584
971,53.2157,-64.8232,-13.3836,6.98358,709581,200.617,-0.0267165,-214,38.9387,-98.3758,239.556
972,53.2542,-64.8385,-13.2927,6.75707,715775,200.589,-0.0279872,-213.881,38.9465,-69.7051,239.535
973,53.2927,-64.8536,-13.2047,6.60281,721959,200.562,-0.0272479,-213.766,38.9533,-70.0702,239.515
974,53.3312,-64.8687,-13.1187,7.85671,728132,200.534,-0.0271116,-213.653,38.9366,-149.31,239.471
975,53.3697,-64.8836,-13.0164,6.70145,734301,200.507,-0.0277699,-213.523,38.9433,-71.227,239.45
976,53.4082,-64.8985,-12.9291,6.60613,740448,200.479,-0.0273195,-213.408,38.9494,-71.6059,239.429
977,53.4467,-64.9133,-12.8431,7.0087,746604,200.452,-0.0277154,-213.295,38.9496,-92.2494,239.401
978,53.4853,-64.928,-12.7518,6.70494,752736,200.424,-0.0278631,-213.176,38.9558,-72.4842,239.38
979,53.5238,-64.9426,-12.6645,6.77894,758853,200.396,-0.0282638,-213.06,38.9621,-72.8758,239.358
980,53.5624,-64.9572,-12.5762,7.48969,764972,200.368,-0.0278323,-212.944,38.9527,-122.816,239.32
981,53.601,-64.9716,-12.4787,6.33537,771087,200.339,-0.0284595,-212.818,38.9676,-44.5353,239.307
982,53.6396,-64.986,-12.3962,6.94226,777182,200.312,-0.0275212,-212.708,38.9663,-94.28,239.278
983,53.6782,-65.0002,-12.3058,7.54253,783274,200.284,-0.0281817,-212.589,38.9563,-124.213,239.24
984,53.7168,-65.0144,-12.2076,5.80986,789365,200.255,-0.0282554,-212.463,38.9794,-16.4524,239.235
985,53.7554,-65.0285,-12.1319,6.89522,795435,200.228,-0.0273625,-212.36,38.9771,-95.4817,239.205
986,53.7941,-65.0425,-12.0422,6.49402,801515,200.2,-0.0277507,-212.242,38.9841,-66.4723,239.184
987,53.8328,-65.0564,-11.9576,6.41929,807572,200.173,-0.0273959,-212.13,38.9905,-66.7996,239.163
988,53.8714,-65.0703,-11.874,7.17803,813641,200.146,-0.0272565,-212.02,38.981,-116.551,239.127
989,53.9101,-65.084,-11.7805,5.94436,819685,200.118,-0.0274186,-211.899,38.9964,-38.1508,239.114
990,53.9488,-65.0977,-11.7031,6.6534,825730,200.091,-0.0270431,-211.794,38.9955,-87.7194,239.087
991,53.9875,-65.1113,-11.6165,6.73225,831760,200.064,-0.0274721,-211.68,38.9948,-88.1207,239.058
992,54.0262,-65.1247,-11.5288,6.65422,837792,200.036,-0.0270919,-211.565,38.9934,-88.5256,239.03
993,54.065,-65.1381,-11.4422,6.25536,843809,200.009,-0.0274885,-211.451,39.0017,-59.2978,239.011
994,54.1037,-65.1515,-11.3607,6.18043,849828,199.982,-0.0271296,-211.343,39.0096,-59.5561,238.991
995,54.1425,-65.1647,-11.2802,6.16261,855834,199.955,-0.0270651,-211.235,39.0172,-59.8166,238.972
996,54.1813,-65.1779,-11.2,6.87528,861841,199.928,-0.026736,-211.128,39.0081,-109.374,238.936
997,54.22,-65.1909,-11.1105,6.07692,867836,199.901,-0.0266582,-211.012,39.0149,-60.5612,238.916
998,54.2588,-65.2039,-11.0313,5.49641,873822,199.875,-0.0261055,-210.907,39.0307,-31.1084,238.906
999,54.2976,-65.2168,-10.9598,6.30538,879805,199.849,-0.0262992,-210.809,39.0304,-80.492,238.879
1000,54.3364,-65.2297,-10.8776,6.33584,885787,199.823,-0.026481,-210.7,39.03,-80.8146,238.852
1001,54.3753,-65.2424,-10.7951,5.92436,891759,199.797,-0.0259527,-210.592,39.0353,-61.69,238.832
1002,54.4141,-65.2551,-10.718,6.21906,897719,199.771,-0.0259168,-210.489,39.0339,-81.3894,238.805
1003,54.4529,-65.2677,-10.637,5.47472,903678,199.745,-0.0260895,-210.382,39.0491,-32.5153,238.794
1004,54.4918,-65.2802,-10.5657,6.23852,909624,199.719,-0.0260725,-210.284,39.0475,-81.8529,238.766
1005,54.5306,-65.2926,-10.4845,6.26953,915568,199.692,-0.0262556,-210.177,39.0458,-82.1878,238.738
1006,54.5695,-65.305,-10.4028,4.93286,921503,199.666,-0.0257539,-210.069,39.0704,-3.49128,238.737
1007,54.6084,-65.3173,-10.3386,5.64791,927438,199.641,-0.0255007,-209.98,39.0778,-52.6682,238.719
1008,54.6473,-65.3295,-10.2651,5.64897,933360,199.615,-0.0255301,-209.881,39.0852,-52.8706,238.701
1009,54.6862,-65.3416,-10.1915,5.8128,939285,199.591,-0.0248302,-209.782,39.0851,-72.3058,238.676
1010,54.7251,-65.3537,-10.1158,4.99662,945211,199.566,-0.0245835,-209.682,39.1016,-23.4451,238.668
1011,54.764,-65.3657,-10.0507,5.24896,951137,199.542,-0.0243616,-209.592,39.1111,-42.7235,238.653
1012,54.8029,-65.3776,-9.98239,5.88753,957065,199.518,-0.0237194,-209.5,39.1028,-91.9246,238.621
1013,54.8419,-65.3894,-9.90573,4.57991,962982,199.495,-0.0233128,-209.4,39.1215,-13.2122,238.616
1014,54.8808,-65.4012,-9.84609,4.78854,968913,199.472,-0.0228671,-209.318,39.133,-32.3634,238.605
1015,54.9197,-65.4129,-9.78373,5.06442,974820,199.449,-0.0227827,-209.233,39.1377,-51.5193,238.587
1016,54.9587,-65.4246,-9.71779,5.06293,980738,199.426,-0.0227986,-209.144,39.1423,-51.6157,238.569
1017,54.9977,-65.4362,-9.65186,4.52871,986645,199.404,-0.0224444,-209.056,39.1571,-21.7714,238.561
1018,55.0366,-65.4477,-9.59289,4.49585,992553,199.381,-0.0222921,-208.974,39.1717,-21.8057,238.553
1019,55.0756,-65.4592,-9.53434,4.00427,998460,199.359,-0.0221597,-208.894,39.1967,8.09626,238.556
1020,55.1146,-65.4706,-9.4822,5.11795,1.00437e+06,199.338,-0.0216229,-208.82,39.1933,-70.7735,238.531
1021,55.1536,-65.4819,-9.41556,3.84088,1.01027e+06,199.316,-0.0213217,-208.732,39.2174,8.0162,238.534
1022,55.1926,-65.4932,-9.36554,4.49137,1.01617e+06,199.296,-0.0207859,-208.661,39.2237,-40.8989,238.519
1023,55.2316,-65.5045,-9.30706,0,1.02207e+06,199.275,-0.0206935,-208.582,39.2579,37.9215,238.533
1024,55.2316,-65.5045,199.275,0,1.02409e+06,199.381,0.105865,-0.105865,39.1374,-40.9022,238.518
1025,55.2316,-65.5045,199.381,0,1.02612e+06,199.486,0.105111,-0.105111,39.0245,-21.9964,238.51
1026,55.2316,-65.5045,199.486,0,1.02816e+06,199.591,0.105187,-0.105187,38.9221,7.94198,238.513
