Time,Latitude,Longitude,Altitude,Heading_Angle,Path_Angle,LOS_Angle_Lat,LOS_Angle_Lon,Command_Lat,Command_Lon
4838,47.2863,-70.6258,0,0,0,41.2031,3.60696,0,0
4839,47.2863,-70.6258,70000,41.2031,0,41.1965,-0.300526,0,0
4840,47.2863,-70.6258,70000,41.1965,0,41.1897,-0.301591,39.2,0
4841,47.3036,-70.6031,70000,42.0603,0,41.1976,-0.303426,39.2,0
4842,47.3206,-70.5801,70000,42.9242,0,41.204,-0.305278,39.2,0
4843,47.3374,-70.5567,70000,43.788,0,41.2083,-0.307154,39.2,0
4844,47.354,-70.5329,70000,44.6519,0,41.2107,-0.309043,39.2,0
4845,47.3703,-70.5088,70000,45.5157,0,41.2109,-0.310958,39.2,0
4846,47.3864,-70.4843,70000,46.3796,0,41.2094,-0.312889,39.2,0
4847,47.4022,-70.4594,70000,47.2434,0,41.2055,-0.314836,39.2,0
4848,47.4177,-70.4341,70000,48.1072,0,41.199,-0.316811,39.2,0
4849,47.433,-70.4085,70000,48.9711,0,41.191,-0.318801,39.2,0
4850,47.4481,-70.3826,70000,49.8349,0,41.1803,-0.320807,39.2,0
4851,47.4628,-70.3563,70000,50.6988,0,41.1675,-0.322838,39.2,0
4852,47.4773,-70.3297,70000,51.5626,0,41.1526,-0.324882,39.2,0
4853,47.4915,-70.3028,70000,52.4265,0,41.1351,-0.326952,39.2,0
4854,47.5055,-70.2755,70000,53.2903,0,41.1151,-0.329043,39.2,0
4855,47.5192,-70.248,70000,54.1542,0,41.0926,-0.331154,39.2,0
4856,47.5326,-70.2201,70000,55.018,0,41.0677,-0.333279,39.2,0
4857,47.5457,-70.1919,70000,55.8818,0,41.0401,-0.33543,39.2,0
4858,47.5585,-70.1634,70000,56.7457,0,41.0104,-0.337599,39.2,0
4859,47.571,-70.1346,70000,57.6095,0,40.9774,-0.339786,39.2,0
4860,47.5832,-70.1056,70000,58.4734,0,40.942,-0.341999,39.2,0
4861,47.5952,-70.0762,70000,59.3372,0,40.9039,-0.344231,39.2,0
4862,47.6068,-70.0466,70000,60.2011,0,40.8633,-0.346482,39.2,0
4863,47.6181,-70.0168,70000,61.0649,0,40.8195,-0.348749,39.2,0
4864,47.6291,-69.9867,70000,61.9288,0,40.773,-0.351042,39.2,0
4865,47.6399,-69.9563,70000,62.7926,0,40.7238,-0.353354,39.2,0
4866,47.6503,-69.9257,70000,63.6564,0,40.6716,-0.355687,39.2,0
4867,47.6604,-69.8948,70000,64.5203,0,40.6163,-0.358041,39.2,0
4868,47.6701,-69.8637,70000,65.3841,0,40.5587,-0.36041,39.2,0
4869,47.6796,-69.8324,70000,66.248,0,40.4975,-0.362804,39.2,0
4870,47.6887,-69.8009,70000,67.1118,0,40.433,-0.365218,39.2,0
4871,47.6976,-69.7692,70000,67.9757,0,40.3658,-0.36765,39.2,0
4872,47.7061,-69.7373,70000,68.8395,0,40.2948,-0.370105,39.2,0
4873,47.7143,-69.7052,70000,69.7033,0,40.2213,-0.372576,39.2,0
4874,47.7221,-69.6729,70000,70.5672,0,40.1444,-0.375067,39.2,0
4875,47.7296,-69.6404,70000,71.431,0,40.0636,-0.377581,39.2,0
4876,47.7368,-69.6078,70000,72.2949,0,39.9802,-0.38011,39.2,0
4877,47.7437,-69.575,70000,73.1587,0,39.893,-0.382661,39.2,0
4878,47.7502,-69.542,70000,74.0226,0,39.8026,-0.385229,39.2,0
4879,47.7564,-69.5089,70000,74.8864,0,39.7086,-0.387816,39.2,0
4880,47.7622,-69.4757,70000,75.7503,0,39.6116,-0.390427,39.2,0
4881,47.7678,-69.4423,70000,76.6141,0,39.5107,-0.39305,39.2,0
4882,47.7729,-69.4088,70000,77.4779,0,39.4061,-0.395685,39.2,0
4883,47.7778,-69.3752,70000,78.3418,0,39.2984,-0.398349,39.2,0
4884,47.7823,-69.3414,70000,79.2056,0,39.1869,-0.401031,39.2,0
4885,47.7864,-69.3076,70000,80.0695,0,39.0714,-0.403717,39.2,0
4886,47.7903,-69.2737,70000,80.9333,0,38.9527,-0.406432,39.2,0
4887,47.7937,-69.2397,70000,81.7972,0,38.8301,-0.409157,39.2,0
4888,47.7968,-69.2056,70000,82.661,0,38.7036,-0.411905,39.2,0
4889,47.7996,-69.1715,70000,83.5249,0,38.5733,-0.414663,39.2,0
4890,47.8021,-69.1373,70000,84.3887,0,38.4393,-0.417441,39.2,0
4891,47.8041,-69.103,70000,85.2525,0,38.3014,-0.420226,39.2,0
4892,47.8059,-69.0687,70000,86.1164,0,38.1594,-0.423027,39.2,0
4893,47.8073,-69.0344,70000,86.9802,0,38.0141,-0.425846,39.2,0
4894,47.8083,-69,70000,87.8441,0,37.8645,-0.428671,39.2,0
4895,47.809,-68.9657,70000,88.7079,0,37.7114,-0.431515,39.2,0
4896,47.8094,-68.9313,70000,89.5718,0,37.5536,-0.434365,39.2,0
4897,47.8094,-68.8969,70000,90.4356,0,37.3923,-0.437233,39.2,0
4898,47.809,-68.8625,70000,91.2995,0,37.2273,-0.440109,39.2,0
4899,47.8083,-68.8281,70000,92.1633,0,37.0582,-0.442988,39.2,0
4900,47.8073,-68.7937,70000,93.0271,0,36.8849,-0.445884,39.2,0
4901,47.8059,-68.7594,70000,93.891,0,36.7075,-0.448789,39.2,0
4902,47.8041,-68.7251,70000,94.7548,0,36.5263,-0.451692,39.2,0
4903,47.802,-68.6908,70000,95.6187,0,36.3405,-0.454613,39.2,0
4904,47.7996,-68.6566,70000,96.4825,0,36.151,-0.45753,39.2,0
4905,47.7968,-68.6225,70000,97.3464,0,35.9583,-0.460463,39.2,0
4906,47.7937,-68.5884,70000,98.2102,0,35.7604,-0.46339,39.2,0
4907,47.7902,-68.5544,70000,99.074,0,35.5593,-0.466324,39.2,0
4908,47.7864,-68.5205,70000,99.9379,0,35.3536,-0.469255,39.2,0
4909,47.7822,-68.4867,70000,100.802,0,35.1442,-0.472202,39.2,0
4910,47.7777,-68.453,70000,101.666,0,34.9307,-0.475142,39.2,0
4911,47.7729,-68.4193,70000,102.529,0,34.7135,-0.478079,39.2,0
4912,47.7677,-68.3859,70000,103.393,0,34.4912,-0.481012,39.2,0
4913,47.7622,-68.3525,70000,104.257,0,34.2663,-0.483943,39.2,0
4914,47.7563,-68.3192,70000,105.121,0,34.0374,-0.48688,39.2,0
4915,47.7501,-68.2861,70000,105.985,0,33.804,-0.489806,39.2,0
4916,47.7436,-68.2532,70000,106.849,0,33.5669,-0.492715,39.2,0
4917,47.7368,-68.2204,70000,107.712,0,33.3259,-0.495626,39.2,0
4918,47.7296,-68.1877,70000,108.576,0,33.0816,-0.498536,39.2,0
4919,47.722,-68.1553,70000,109.44,0,32.8333,-0.501418,39.2,0
4920,47.7142,-68.123,70000,110.304,0,32.5812,-0.504309,39.2,0
4921,47.706,-68.0909,70000,111.168,0,32.3258,-0.507185,39.2,0
4922,47.6975,-68.0589,70000,112.032,0,32.066,-0.510033,39.2,0
4923,47.6887,-68.0272,70000,112.896,0,31.8036,-0.51287,39.2,0
4924,47.6795,-67.9957,70000,113.759,0,31.5371,-0.515704,39.2,0
4925,47.6701,-67.9644,70000,114.623,0,31.2675,-0.518509,39.2,0
4926,47.6603,-67.9333,70000,115.487,0,30.9944,-0.521297,39.2,0
4927,47.6502,-67.9025,70000,116.351,0,30.7184,-0.524082,39.2,0
4928,47.6398,-67.8719,70000,117.215,0,30.439,-0.526826,39.2,0
4929,47.629,-67.8415,70000,118.079,0,30.1563,-0.529549,39.2,0
4930,47.618,-67.8114,70000,118.942,0,29.8704,-0.53226,39.2,0
4931,47.6067,-67.7815,70000,119.806,0,29.5819,-0.534932,39.2,0
4932,47.5951,-67.7519,70000,120.67,0,29.2903,-0.537589,39.2,0
4933,47.5831,-67.7226,70000,121.534,0,28.9958,-0.540208,39.2,0
4934,47.5709,-67.6935,70000,122.398,0,28.6984,-0.542811,39.2,0
4935,47.5584,-67.6648,70000,123.262,0,28.3993,-0.545377,39.2,0
4936,47.5455,-67.6363,70000,124.126,0,28.0969,-0.547917,39.2,0
4937,47.5324,-67.6081,70000,124.989,0,27.792,-0.550414,39.2,0
4938,47.5191,-67.5802,70000,125.853,0,27.4852,-0.552885,39.2,0
4939,47.5054,-67.5526,70000,126.717,0,27.176,-0.555322,39.2,0
4940,47.4914,-67.5254,70000,127.581,0,26.8646,-0.557713,39.2,0
4941,47.4772,-67.4985,70000,128.445,0,26.5521,-0.560084,39.2,0
4942,47.4627,-67.4719,70000,129.309,0,26.2365,-0.562411,39.2,0
4943,47.4479,-67.4456,70000,130.172,0,25.9196,-0.564686,39.2,0
4944,47.4329,-67.4196,70000,131.036,0,25.6014,-0.566931,39.2,0
4945,47.4176,-67.3941,70000,131.9,0,25.2821,-0.569142,39.2,0
4946,47.402,-67.3688,70000,132.764,0,24.9602,-0.571295,39.2,0
4947,47.3862,-67.3439,70000,133.628,0,24.6379,-0.573422,39.2,0
4948,47.3702,-67.3194,70000,134.492,0,24.3144,-0.575496,39.2,0
4949,47.3538,-67.2953,70000,135.355,0,23.9897,-0.577525,39.2,0
4950,47.3373,-67.2715,70000,136.219,0,23.6646,-0.579507,39.2,0
4951,47.3205,-67.2481,70000,137.083,0,23.338,-0.581446,39.2,0
4952,47.3034,-67.2251,70000,137.947,0,23.0113,-0.583346,39.2,0
4953,47.2862,-67.2025,70000,138.811,0,22.6839,-0.58519,39.2,0
4954,47.2687,-67.1802,70000,139.675,0,22.3571,-0.586993,39.2,0
4955,47.251,-67.1584,70000,140.539,0,22.0289,-0.588741,39.2,0
4956,47.233,-67.137,70000,141.402,0,21.7015,-0.590449,39.2,0
4957,47.2148,-67.116,70000,142.266,0,21.3736,-0.592097,39.2,0
4958,47.1965,-67.0953,70000,143.13,0,21.0461,-0.593708,39.2,0
4959,47.1779,-67.0752,70000,143.994,0,20.7191,-0.595245,39.2,0
4960,47.1591,-67.0554,70000,144.858,0,20.3921,-0.596758,39.2,0
4961,47.1401,-67.036,70000,145.722,0,20.0662,-0.598218,39.2,0
4962,47.1209,-67.0171,70000,146.585,0,19.7409,-0.599629,39.2,0
4963,47.1015,-66.9986,70000,147.449,0,19.417,-0.600977,39.2,0
4964,47.082,-66.9806,70000,148.313,0,19.0932,-0.60229,39.2,0
4965,47.0622,-66.963,70000,149.177,0,18.7711,-0.60355,39.2,0
4966,47.0423,-66.9459,70000,150.041,0,18.4504,-0.604763,39.2,0
4967,47.0222,-66.9291,70000,150.905,0,18.1306,-0.605926,39.2,0
4968,47.0019,-66.9129,70000,151.769,0,17.8127,-0.607038,39.2,0
4969,46.9815,-66.8971,70000,152.632,0,17.496,-0.608106,39.2,0
4970,46.9609,-66.8818,70000,153.496,0,17.1812,-0.609123,39.2,0
4971,46.9401,-66.8669,70000,154.36,0,16.8684,-0.610094,39.2,0
4972,46.9192,-66.8525,70000,155.224,0,16.5581,-0.611016,39.2,0
4973,46.8982,-66.8385,70000,156.088,0,16.2491,-0.611905,39.2,0
4974,46.877,-66.8251,70000,156.952,0,15.9427,-0.612736,39.2,0
4975,46.8557,-66.8121,70000,157.815,0,15.6381,-0.613521,39.2,0
4976,46.8342,-66.7996,70000,158.679,0,15.3364,-0.614275,39.2,0
4977,46.8126,-66.7875,70000,159.543,0,15.0366,-0.614975,39.2,0
4978,46.7909,-66.776,70000,160.407,0,14.74,-0.61563,39.2,0
4979,46.7691,-66.7649,70000,161.271,0,14.4459,-0.616254,39.2,0
4980,46.7472,-66.7543,70000,162.135,0,14.1544,-0.616827,39.2,0
4981,46.7251,-66.7442,70000,162.999,0,13.8659,-0.617372,39.2,0
4982,46.703,-66.7346,70000,163.862,0,13.5805,-0.617865,39.2,0
4983,46.6807,-66.7255,70000,164.726,0,13.2976,-0.618334,39.2,0
4984,46.6584,-66.7169,70000,165.59,0,13.018,-0.618762,39.2,0
4985,46.636,-66.7087,70000,166.454,0,12.7417,-0.619157,39.2,0
4986,46.6135,-66.7011,70000,167.318,0,12.4692,-0.619515,39.2,0
4987,46.5909,-66.694,70000,168.182,0,12.199,-0.619842,39.2,0
4988,46.5683,-66.6873,70000,169.045,0,11.9328,-0.620135,39.2,0
4989,46.5455,-66.6812,70000,169.909,0,11.6698,-0.620396,39.2,0
4990,46.5228,-66.6756,70000,170.773,0,11.4101,-0.620627,39.2,0
4991,46.4999,-66.6704,70000,171.637,0,11.1545,-0.620828,39.2,0
4992,46.4771,-66.6658,70000,172.501,0,10.9023,-0.621001,39.2,0
4993,46.4541,-66.6617,70000,173.365,0,10.6528,-0.621149,39.2,0
4994,46.4312,-66.658,70000,174.228,0,10.4085,-0.62128,39.2,0
4995,46.4082,-66.6549,70000,175.092,0,10.1667,-0.621377,39.2,0
4996,46.3851,-66.6523,70000,175.956,0,9.92879,-0.621462,39.2,0
4997,46.3621,-66.6502,70000,176.82,0,9.69493,-0.621513,39.2,0
4998,46.339,-66.6486,70000,177.684,0,9.46492,-0.621544,39.2,0
4999,46.3159,-66.6475,70000,178.548,0,9.23855,-0.621566,39.2,0
5000,46.2928,-66.6469,70000,179.412,0,9.01658,-0.621569,39.2,0
5001,46.2697,-66.6468,70000,180.275,0,8.79759,-0.621556,39.2,0
5002,46.2466,-66.6472,70000,181.139,0,8.58304,-0.621525,39.2,0
5003,46.2235,-66.6481,70000,182.003,0,8.37221,-0.62148,39.2,0
5004,46.2004,-66.6496,70000,182.867,0,8.16513,-0.621422,39.2,0
5005,46.1774,-66.6515,70000,183.731,0,7.96252,-0.621349,39.2,0
5006,46.1543,-66.6539,70000,184.595,0,7.76296,-0.621256,39.2,0
5007,46.1313,-66.6568,70000,185.458,0,7.56805,-0.621175,39.2,0
5008,46.1083,-66.6602,70000,186.322,0,7.37674,-0.621072,39.2,0
5009,46.0854,-66.6642,70000,187.186,0,7.18993,-0.620961,39.2,0
5010,46.0625,-66.6686,70000,188.05,0,7.00632,-0.620856,39.2,0
5011,46.0396,-66.6735,70000,188.914,0,6.82719,-0.620744,39.2,0
5012,46.0168,-66.6789,70000,189.778,0,6.65168,-0.620605,39.2,0
5013,45.9941,-66.6848,70000,190.642,0,6.48006,-0.620485,39.2,0
5014,45.9714,-66.6912,70000,191.505,0,6.31218,-0.620363,39.2,0
5015,45.9488,-66.698,70000,192.369,0,6.14874,-0.620238,39.2,0
5016,45.9263,-66.7054,70000,193.233,0,5.98902,-0.620113,39.2,0
5017,45.9039,-66.7132,70000,194.097,0,5.833,-0.619988,39.2,0
5018,45.8815,-66.7216,70000,194.961,0,5.68067,-0.619865,39.2,0
5019,45.8592,-66.7304,70000,195.825,0,5.53201,-0.619735,39.2,0
5020,45.837,-66.7397,70000,196.688,0,5.38783,-0.619629,39.2,0
5021,45.815,-66.7494,70000,197.552,0,5.24715,-0.619516,39.2,0
5022,45.793,-66.7597,70000,198.416,0,5.11009,-0.619408,39.2,0
5023,45.7711,-66.7704,70000,199.28,0,4.97671,-0.619319,39.2,0
5024,45.7494,-66.7815,70000,200.144,0,4.84678,-0.619224,39.2,0
5025,45.7277,-66.7932,70000,201.008,0,4.72121,-0.61915,39.2,0
5026,45.7062,-66.8053,70000,201.871,0,4.59914,-0.619084,39.2,0
5027,45.6849,-66.8178,70000,202.735,0,4.48055,-0.619028,39.2,0
5028,45.6636,-66.8308,70000,203.599,0,4.36531,-0.61897,39.2,0
5029,45.6425,-66.8443,70000,204.463,0,4.2543,-0.618936,39.2,0
5030,45.6216,-66.8582,70000,205.327,0,4.14596,-0.618914,39.2,0
5031,45.6008,-66.8725,70000,206.191,0,4.0417,-0.618916,39.2,0
5032,45.5801,-66.8873,70000,207.055,0,3.94156,-0.618932,39.2,0
5033,45.5596,-66.9026,70000,207.918,0,3.84392,-0.618951,39.2,0
5034,45.5393,-66.9182,70000,208.782,0,3.74954,-0.618986,39.2,0
5035,45.5191,-66.9343,70000,209.646,0,3.65911,-0.619037,39.2,0
5036,45.4991,-66.9508,70000,210.51,0,3.57195,-0.619127,39.2,0
5037,45.4793,-66.9678,70000,211.374,0,3.48787,-0.619212,39.2,0
5038,45.4597,-66.9851,70000,212.238,0,3.40771,-0.619337,39.2,0
5039,45.4402,-67.0029,70000,213.101,0,3.32992,-0.619471,39.2,0
5040,45.421,-67.0211,70000,213.965,0,3.25583,-0.619613,39.2,0
5041,45.4019,-67.0397,70000,214.829,0,3.18483,-0.619798,39.2,0
5042,45.383,-67.0587,70000,215.693,0,3.11682,-0.620003,39.2,0
5043,45.3644,-67.0781,70000,216.557,0,3.05247,-0.62022,39.2,0
5044,45.3459,-67.0979,70000,217.421,0,2.99103,-0.620469,39.2,0
5045,45.3277,-67.118,70000,218.285,0,2.93174,-0.620742,39.2,0
5046,45.3097,-67.1386,70000,219.148,0,2.87601,-0.621038,39.2,0
5047,45.2919,-67.1595,70000,220.012,0,2.8238,-0.621358,39.2,0
5048,45.2743,-67.1808,70000,220.876,0,2.77364,-0.621694,39.2,0
5049,45.2569,-67.2025,70000,221.74,0,2.72697,-0.622087,39.2,0
5050,45.2398,-67.2245,70000,222.604,0,2.68294,-0.622484,39.2,0
5051,45.2229,-67.2469,70000,223.468,0,2.64162,-0.622921,39.2,0
5052,45.2063,-67.2696,70000,224.331,0,2.60285,-0.623372,39.2,0
5053,45.1899,-67.2927,70000,225.195,0,2.56744,-0.623864,39.2,0
5054,45.1737,-67.3161,70000,226.059,0,2.53385,-0.624395,39.2,0
5055,45.1578,-67.3399,70000,226.923,0,2.50342,-0.624932,39.2,0
5056,45.1422,-67.364,70000,227.787,0,2.47551,-0.625522,39.2,0
5057,45.1268,-67.3884,70000,228.651,0,2.45076,-0.626143,39.2,0
5058,45.1116,-67.4132,70000,229.515,0,2.42767,-0.626794,39.2,0
5059,45.0968,-67.4382,70000,230.378,0,2.40766,-0.627478,39.2,0
5060,45.0822,-67.4636,70000,231.242,0,2.38997,-0.628194,39.2,0
5061,45.0678,-67.4892,70000,232.106,0,2.37461,-0.628955,39.2,0
5062,45.0538,-67.5152,70000,232.97,0,2.36216,-0.629737,39.2,0
5063,45.04,-67.5415,70000,233.834,0,2.3512,-0.630564,39.2,0
5064,45.0265,-67.568,70000,234.698,0,2.34319,-0.631428,39.2,0
5065,45.0133,-67.5948,70000,235.561,0,2.33726,-0.632326,39.2,0
5066,45.0004,-67.6219,70000,236.425,0,2.33348,-0.633272,39.2,0
5067,44.9878,-67.6493,70000,237.289,0,2.33248,-0.634255,39.2,0
5068,44.9754,-67.6769,70000,238.153,0,2.33274,-0.635263,39.2,0
5069,44.9634,-67.7047,70000,239.017,0,2.33577,-0.636322,39.2,0
5070,44.9516,-67.7329,70000,239.881,0,2.34075,-0.637419,39.2,0
5071,44.9402,-67.7612,70000,240.744,0,2.34838,-0.638566,39.2,0
5072,44.9291,-67.7898,70000,241.608,0,2.35717,-0.639754,39.2,0
5073,44.9182,-67.8186,70000,242.472,0,2.36854,-0.640982,39.2,0
5074,44.9077,-67.8477,70000,243.336,0,2.38172,-0.642252,39.2,0
5075,44.8975,-67.8769,70000,244.2,0,2.39673,-0.643577,39.2,0
5076,44.8876,-67.9064,70000,245.064,0,2.41418,-0.644942,39.2,0
5077,44.878,-67.9361,70000,245.928,0,2.43259,-0.646352,39.2,0
5078,44.8687,-67.9659,70000,246.791,0,2.45347,-0.647818,39.2,0
5079,44.8598,-67.996,70000,247.655,0,2.47594,-0.649328,39.2,0
5080,44.8512,-68.0262,70000,248.519,0,2.50007,-0.650887,39.2,0
5081,44.8429,-68.0566,70000,249.383,0,2.52652,-0.652513,39.2,0
5082,44.8349,-68.0872,70000,250.247,0,2.5545,-0.654176,39.2,0
5083,44.8273,-68.1179,70000,251.111,0,2.58399,-0.655899,39.2,0
5084,44.82,-68.1488,70000,251.974,0,2.61495,-0.657671,39.2,0
5085,44.813,-68.1799,70000,252.838,0,2.64735,-0.659494,39.2,0
5086,44.8063,-68.2111,70000,253.702,0,2.6819,-0.661378,39.2,0
5087,44.8,-68.2424,70000,254.566,0,2.71782,-0.663315,39.2,0
5088,44.794,-68.2738,70000,255.43,0,2.75514,-0.665329,39.2,0
5089,44.7884,-68.3054,70000,256.294,0,2.7937,-0.667384,39.2,0
5090,44.7831,-68.3371,70000,257.158,0,2.83435,-0.669507,39.2,0
5091,44.7781,-68.3689,70000,258.021,0,2.87617,-0.671683,39.2,0
5092,44.7735,-68.4008,70000,258.885,0,2.91926,-0.673931,39.2,0
5093,44.7692,-68.4327,70000,259.749,0,2.96351,-0.676248,39.2,0
5094,44.7653,-68.4648,70000,260.613,0,3.00968,-0.678624,39.2,0
5095,44.7617,-68.4969,70000,261.477,0,3.05694,-0.681072,39.2,0
5096,44.7584,-68.5291,70000,262.341,0,3.10528,-0.683582,39.2,0
5097,44.7555,-68.5614,70000,263.204,0,3.15472,-0.68618,39.2,0
5098,44.7529,-68.5938,70000,264.068,0,3.20587,-0.68885,39.2,0
5099,44.7507,-68.6261,70000,264.932,0,3.25799,-0.691585,39.2,0
5100,44.7489,-68.6586,70000,265.796,0,3.31112,-0.694425,39.2,0
5101,44.7473,-68.691,70000,266.66,0,3.36594,-0.697343,39.2,0
5102,44.7462,-68.7235,70000,267.524,0,3.42083,-0.700344,39.2,0
5103,44.7453,-68.756,70000,268.387,0,3.47816,-0.703448,39.2,0
5104,44.7449,-68.7885,70000,269.251,0,3.53548,-0.706637,39.2,0
5105,44.7447,-68.8211,70000,270.115,0,3.59438,-0.709923,39.2,0
5106,44.745,-68.8536,70000,270.979,0,3.65409,-0.713324,39.2,0
5107,44.7455,-68.8861,70000,271.843,0,3.71531,-0.716825,39.2,0
5108,44.7465,-68.9186,70000,272.707,0,3.77639,-0.720442,39.2,0
5109,44.7477,-68.9511,70000,273.571,0,3.83973,-0.724162,39.2,0
5110,44.7493,-68.9835,70000,274.434,0,3.90285,-0.727991,39.2,0
5111,44.7513,-69.0159,70000,275.298,0,3.96735,-0.731952,39.2,0
5112,44.7536,-69.0483,70000,276.162,0,4.03247,-0.736041,39.2,0
5113,44.7562,-69.0806,70000,277.026,0,4.09882,-0.740239,39.2,0
5114,44.7592,-69.1129,70000,277.89,0,4.16573,-0.744594,39.2,0
5115,44.7626,-69.1451,70000,278.754,0,4.2339,-0.749069,39.2,0
5116,44.7663,-69.1772,70000,279.617,0,4.30172,-0.753707,39.2,0
5117,44.7703,-69.2093,70000,280.481,0,4.37147,-0.758452,39.2,0
5118,44.7747,-69.2412,70000,281.345,0,4.44079,-0.763356,39.2,0
5119,44.7794,-69.2731,70000,282.209,0,4.51114,-0.768385,39.2,0
5120,44.7845,-69.3048,70000,283.073,0,4.58269,-0.773578,39.2,0
5121,44.7898,-69.3365,70000,283.937,0,4.6537,-0.778928,39.2,0
5122,44.7956,-69.368,70000,284.801,0,4.72561,-0.784414,39.2,0
5123,44.8017,-69.3994,70000,285.664,0,4.79852,-0.790044,39.2,0
5124,44.8081,-69.4307,70000,286.528,0,4.87075,-0.795842,39.2,0
5125,44.8148,-69.4619,70000,287.392,0,4.9439,-0.801793,39.2,0
5126,44.8219,-69.4929,70000,288.256,0,5.01793,-0.807899,39.2,0
5127,44.8293,-69.5237,70000,289.12,0,5.09103,-0.81418,39.2,0
5128,44.837,-69.5544,70000,289.984,0,5.16492,-0.820613,39.2,0
5129,44.8451,-69.585,70000,290.847,0,5.23959,-0.827214,39.2,0
5130,44.8534,-69.6153,70000,291.711,0,5.3133,-0.833998,39.2,0
5131,44.8622,-69.6455,70000,292.575,0,5.38754,-0.84094,39.2,0
5132,44.8712,-69.6755,70000,293.439,0,5.46165,-0.848086,39.2,0
5133,44.8805,-69.7053,70000,294.303,0,5.53621,-0.855385,39.2,0
5134,44.8902,-69.7349,70000,295.167,0,5.60959,-0.862888,39.2,0
5135,44.9002,-69.7644,70000,296.03,0,5.68347,-0.87059,39.2,0
5136,44.9105,-69.7936,70000,296.894,0,5.75686,-0.878471,39.2,0
5137,44.9211,-69.8225,70000,297.758,0,5.83081,-0.886583,39.2,0
5138,44.932,-69.8513,70000,298.622,0,5.90303,-0.894866,39.2,0
5139,44.9432,-69.8798,70000,299.486,0,5.97555,-0.90337,39.2,0
5140,44.9547,-69.9081,70000,300.35,0,6.04749,-0.912114,39.2,0
5141,44.9666,-69.9362,70000,301.214,0,6.11946,-0.92107,39.2,0
5142,44.9787,-69.964,70000,302.077,0,6.18974,-0.930282,39.2,0
5143,44.9911,-69.9915,70000,302.941,0,6.2599,-0.939707,39.2,0
5144,45.0038,-70.0188,70000,303.805,0,6.32924,-0.949416,39.2,0
5145,45.0168,-70.0458,70000,304.669,0,6.3975,-0.959393,39.2,0
5146,45.0301,-70.0726,70000,305.533,0,6.46459,-0.969648,39.2,0
5147,45.0437,-70.099,70000,306.397,0,6.53147,-0.980173,39.2,0
5148,45.0575,-70.1252,70000,307.26,0,6.59703,-0.990993,39.2,0
5149,45.0716,-70.1511,70000,308.124,0,6.66119,-1.00212,39.2,0
5150,45.086,-70.1767,70000,308.988,0,6.72384,-1.01356,39.2,0
5151,45.1007,-70.2019,70000,309.852,0,6.78597,-1.02533,39.2,0
5152,45.1156,-70.2269,70000,310.716,0,6.84662,-1.03748,39.2,0
5153,45.1308,-70.2516,70000,311.58,0,6.90416,-1.04994,39.2,0
5154,45.1463,-70.2759,70000,312.444,0,6.96223,-1.0628,39.2,0
5155,45.162,-70.2999,70000,313.307,0,7.01696,-1.07602,39.2,0
5156,45.178,-70.3236,70000,314.171,0,7.06977,-1.08965,39.2,0
5157,45.1942,-70.3469,70000,315.035,0,7.12123,-1.10368,39.2,0
5158,45.2107,-70.3699,70000,315.899,0,7.17055,-1.11817,39.2,0
5159,45.2274,-70.3926,70000,316.763,0,7.21735,-1.13311,39.2,0
5160,45.2443,-70.4149,70000,317.627,0,7.26149,-1.14851,39.2,0
5161,45.2615,-70.4368,70000,318.49,0,7.30402,-1.16439,39.2,0
5162,45.2789,-70.4584,70000,319.354,0,7.34361,-1.1808,39.2,0
5163,45.2966,-70.4796,70000,320.218,0,7.37884,-1.19773,39.2,0
5164,45.3144,-70.5004,70000,321.082,0,7.41324,-1.2152,39.2,0
5165,45.3325,-70.5208,70000,321.946,0,7.44293,-1.23325,39.2,0
5166,45.3508,-70.5409,70000,322.81,0,7.46894,-1.25192,39.2,0
5167,45.3693,-70.5606,70000,323.674,0,7.49262,-1.27126,39.2,0
5168,45.3881,-70.5799,70000,324.537,0,7.51195,-1.29121,39.2,0
5169,45.407,-70.5987,70000,325.401,0,7.52726,-1.31191,39.2,0
5170,45.4261,-70.6172,70000,326.265,0,7.53773,-1.3333,39.2,0
5171,45.4454,-70.6353,70000,327.129,0,7.54367,-1.3555,39.2,0
5172,45.4649,-70.653,70000,327.993,0,7.54562,-1.37846,39.2,0
5173,45.4846,-70.6702,70000,328.857,0,7.54252,-1.4023,39.2,0
5174,45.5044,-70.6871,70000,329.72,0,7.53376,-1.42705,39.2,0
5175,45.5245,-70.7035,70000,330.584,0,7.51872,-1.45267,39.2,0
5176,45.5447,-70.7194,70000,331.448,0,7.49764,-1.47932,39.2,0
5177,45.5651,-70.735,70000,332.312,0,7.46985,-1.507,39.2,0
5178,45.5856,-70.7501,70000,333.176,0,7.43647,-1.53578,39.2,0
5179,45.6063,-70.7648,70000,334.04,0,7.39559,-1.56571,39.2,0
5180,45.6271,-70.779,70000,334.903,0,7.34676,-1.59686,39.2,0
5181,45.6481,-70.7928,70000,335.767,0,7.2895,-1.62927,39.2,0
5182,45.6693,-70.8061,70000,336.631,0,7.2249,-1.66305,39.2,0
5183,45.6905,-70.819,70000,337.495,0,7.14949,-1.69831,39.2,0
5184,45.712,-70.8315,70000,338.359,0,7.06532,-1.73503,39.2,0
5185,45.7335,-70.8434,70000,339.223,0,6.97043,-1.77333,39.2,0
5186,45.7552,-70.8549,70000,340.087,0,6.86444,-1.81341,39.2,0
5187,45.7769,-70.866,70000,340.95,0,6.74595,-1.85523,39.2,0
5188,45.7988,-70.8766,70000,341.814,0,6.61661,-1.89902,39.2,0
5189,45.8208,-70.8867,70000,342.678,0,6.47128,-1.94481,39.2,0
5190,45.8429,-70.8963,70000,343.542,0,6.31334,-1.99283,39.2,0
5191,45.8651,-70.9055,70000,344.406,0,6.13927,-2.04311,39.2,0
5192,45.8874,-70.9141,70000,345.27,0,5.9486,-2.09595,38.9563,0
5193,45.9098,-70.9223,70000,346.128,0,5.74183,-2.15145,33.5944,0
5194,45.9323,-70.9301,70000,346.868,0,5.51431,-2.20978,26.7036,0
5195,45.9548,-70.9375,70000,347.457,0,5.27036,-2.27113,21.2663,0
5196,45.9774,-70.9446,70000,347.925,0,5.00819,-2.33569,15.2747,0
5197,46,-70.9514,70000,348.262,0,4.728,-2.40365,9.38495,0
5198,46.0226,-70.9581,70000,348.469,0,4.43008,-2.47528,3.63999,0
5199,46.0453,-70.9648,70000,348.549,0,4.11476,-2.55081,-1.94874,0
